"","add","dom","epi","file"
"1",0.43039371275765,0,0.56960628724235,"area.csv"
"2",0.283466942110251,0,0.716533057889749,"perimeter.csv"
"3",0,0,1,"RPA.csv"
"4",1,0,0,"length.csv"
"5",0.367386953288992,0,0.632613046711008,"width.csv"
"6",1,0,0,"RWL.csv"
"7",NA,NA,NA,"AR.csv"
"8",0.781913262858258,0.151830118269804,0.0662566188719381,"seed mass.csv"
